-- phpMyAdmin SQL Dump
-- version phpStudy 2014
-- http://www.phpmyadmin.net
--
-- ä¸»æœº: localhost
-- ç”Ÿæˆæ—¥æœŸ: 2019 å¹?06 æœ?18 æ—?18:39
-- æœåŠ¡å™¨ç‰ˆæœ¬: 5.5.47
-- PHP ç‰ˆæœ¬: 5.5.30

SET SQL_MODE="NO_AUTO_VALUE_ON_ZERO";
SET time_zone = "+00:00";


/*!40101 SET @OLD_CHARACTER_SET_CLIENT=@@CHARACTER_SET_CLIENT */;
/*!40101 SET @OLD_CHARACTER_SET_RESULTS=@@CHARACTER_SET_RESULTS */;
/*!40101 SET @OLD_COLLATION_CONNECTION=@@COLLATION_CONNECTION */;
/*!40101 SET NAMES utf8 */;

--
-- æ•°æ®åº“: `tplay`
--

-- --------------------------------------------------------

--
-- è¡¨çš„ç»“æ„ `tplay_admin`
--

CREATE TABLE IF NOT EXISTS `tplay_admin` (
  `id` int(11) NOT NULL AUTO_INCREMENT,
  `nickname` varchar(20) DEFAULT NULL COMMENT 'æ˜µç§°',
  `name` varchar(100) NOT NULL,
  `password` varchar(255) NOT NULL,
  `thumb` int(11) NOT NULL DEFAULT '1' COMMENT 'ç®¡ç†å‘˜å¤´åƒ',
  `create_time` int(11) NOT NULL COMMENT 'åˆ›å»ºæ—¶é—´',
  `update_time` int(11) NOT NULL COMMENT 'ä¿®æ”¹æ—¶é—´',
  `login_time` int(11) DEFAULT NULL COMMENT 'æœ€åç™»å½•æ—¶é—´',
  `login_ip` varchar(100) DEFAULT NULL COMMENT 'æœ€åç™»å½•ip',
  `admin_cate_id` int(2) NOT NULL DEFAULT '1' COMMENT 'ç®¡ç†å‘˜åˆ†ç»„',
  PRIMARY KEY (`id`),
  KEY `id` (`id`) USING BTREE,
  KEY `admin_cate_id` (`admin_cate_id`) USING BTREE,
  KEY `nickname` (`nickname`) USING BTREE,
  KEY `create_time` (`create_time`) USING BTREE
) ENGINE=MyISAM  DEFAULT CHARSET=utf8 AUTO_INCREMENT=17 ;

--
-- è½¬å­˜è¡¨ä¸­çš„æ•°æ® `tplay_admin`
--

INSERT INTO `tplay_admin` (`id`, `nickname`, `name`, `password`, `thumb`, `create_time`, `update_time`, `login_time`, `login_ip`, `admin_cate_id`) VALUES
(1, 'admin', 'admin', '153441086ce450f9b62643cf4830698e', 2, 1510885948, 1560492763, 1560829097, '127.0.0.1', 1),
(16, 'heze', 'heze_admin', '153441086ce450f9b62643cf4830698e', 5, 1560493985, 1560493985, 1560828860, '127.0.0.1', 20);

-- --------------------------------------------------------

--
-- è¡¨çš„ç»“æ„ `tplay_admin_cate`
--

CREATE TABLE IF NOT EXISTS `tplay_admin_cate` (
  `id` int(11) NOT NULL AUTO_INCREMENT,
  `name` varchar(100) NOT NULL,
  `permissions` text COMMENT 'æƒé™èœå•',
  `create_time` int(11) NOT NULL,
  `update_time` int(11) NOT NULL,
  `desc` text COMMENT 'å¤‡æ³¨',
  PRIMARY KEY (`id`),
  KEY `id` (`id`) USING BTREE,
  KEY `name` (`name`) USING BTREE,
  KEY `create_time` (`create_time`) USING BTREE
) ENGINE=MyISAM  DEFAULT CHARSET=utf8 AUTO_INCREMENT=21 ;

--
-- è½¬å­˜è¡¨ä¸­çš„æ•°æ® `tplay_admin_cate`
--

INSERT INTO `tplay_admin_cate` (`id`, `name`, `permissions`, `create_time`, `update_time`, `desc`) VALUES
(1, 'è¶…çº§ç®¡ç†å‘˜', '4,5,6,7,8,11,13,14,16,17,19,20,21,25,26,28,29,34,35,37,38,39,40,42,43,44,45,47,48', 0, 1517022009, 'è¶…çº§ç®¡ç†å‘˜ï¼Œæ‹¥æœ‰æœ€é«˜æƒé™ï¼'),
(20, 'æ™®é€šç®¡ç†å‘˜', '6,7,8,34,35,37,38,39,40,42,43,44,45,47,48', 1560493824, 1560494143, 'æ™®é€šç®¡ç†å‘˜');

-- --------------------------------------------------------

--
-- è¡¨çš„ç»“æ„ `tplay_admin_log`
--

CREATE TABLE IF NOT EXISTS `tplay_admin_log` (
  `id` int(11) NOT NULL AUTO_INCREMENT,
  `admin_menu_id` int(11) NOT NULL COMMENT 'æ“ä½œèœå•id',
  `admin_id` int(11) NOT NULL COMMENT 'æ“ä½œè€…id',
  `ip` varchar(100) DEFAULT NULL COMMENT 'æ“ä½œip',
  `operation_id` varchar(200) DEFAULT NULL COMMENT 'æ“ä½œå…³è”id',
  `create_time` int(11) NOT NULL COMMENT 'æ“ä½œæ—¶é—´',
  PRIMARY KEY (`id`),
  KEY `id` (`id`) USING BTREE,
  KEY `admin_id` (`admin_id`) USING BTREE,
  KEY `create_time` (`create_time`) USING BTREE
) ENGINE=MyISAM  DEFAULT CHARSET=utf8 AUTO_INCREMENT=41 ;

--
-- è½¬å­˜è¡¨ä¸­çš„æ•°æ® `tplay_admin_log`
--

INSERT INTO `tplay_admin_log` (`id`, `admin_menu_id`, `admin_id`, `ip`, `operation_id`, `create_time`) VALUES
(1, 50, 1, '127.0.0.1', '', 1560492491),
(2, 49, 1, '127.0.0.1', '2', 1560492578),
(3, 7, 1, '127.0.0.1', '1', 1560492580),
(4, 8, 1, '127.0.0.1', '', 1560492616),
(5, 50, 1, '127.0.0.1', '', 1560492639),
(6, 11, 1, '127.0.0.1', '', 1560492690),
(7, 11, 1, '127.0.0.1', '', 1560492711),
(8, 25, 1, '127.0.0.1', '1', 1560492751),
(9, 7, 1, '127.0.0.1', '1', 1560492763),
(10, 49, 1, '127.0.0.1', '3', 1560492809),
(11, 4, 1, '127.0.0.1', '52', 1560493222),
(12, 4, 1, '127.0.0.1', '52', 1560493284),
(13, 28, 1, '127.0.0.1', '20', 1560493824),
(14, 49, 1, '127.0.0.1', '4', 1560493926),
(15, 49, 1, '127.0.0.1', '5', 1560493938),
(16, 25, 1, '127.0.0.1', '16', 1560493985),
(17, 50, 16, '127.0.0.1', '', 1560494012),
(18, 50, 1, '127.0.0.1', '', 1560494058),
(19, 28, 1, '127.0.0.1', '20', 1560494143),
(20, 49, 16, '127.0.0.1', '6', 1560494207),
(21, 49, 16, '127.0.0.1', '7', 1560494213),
(22, 50, 16, '127.0.0.1', '', 1560494361),
(23, 50, 1, '127.0.0.1', '', 1560494573),
(24, 4, 1, '127.0.0.1', '53', 1560494809),
(25, 4, 1, '127.0.0.1', '54', 1560494901),
(26, 4, 1, '127.0.0.1', '54', 1560494921),
(27, 4, 1, '127.0.0.1', '54', 1560494970),
(28, 4, 1, '127.0.0.1', '54', 1560495065),
(29, 4, 1, '127.0.0.1', '55', 1560495379),
(30, 50, 1, '127.0.0.1', '', 1560739256),
(31, 50, 1, '127.0.0.1', '', 1560748907),
(32, 50, 1, '127.0.0.1', '', 1560749012),
(33, 4, 1, '127.0.0.1', '55', 1560761869),
(34, 4, 1, '127.0.0.1', '55', 1560761901),
(35, 42, 1, '127.0.0.1', '7', 1560767939),
(36, 50, 1, '127.0.0.1', '', 1560822311),
(37, 49, 1, '127.0.0.1', '8', 1560827102),
(38, 49, 1, '127.0.0.1', '9', 1560827120),
(39, 50, 16, '127.0.0.1', '', 1560828860),
(40, 50, 1, '127.0.0.1', '', 1560829097);

-- --------------------------------------------------------

--
-- è¡¨çš„ç»“æ„ `tplay_admin_menu`
--

CREATE TABLE IF NOT EXISTS `tplay_admin_menu` (
  `id` int(11) NOT NULL AUTO_INCREMENT,
  `name` varchar(50) NOT NULL,
  `module` varchar(50) NOT NULL COMMENT 'æ¨¡å—',
  `controller` varchar(100) NOT NULL COMMENT 'æ§åˆ¶å™¨',
  `function` varchar(100) NOT NULL COMMENT 'æ–¹æ³•',
  `parameter` varchar(50) DEFAULT NULL COMMENT 'å‚æ•°',
  `description` varchar(250) DEFAULT NULL COMMENT 'æè¿°',
  `is_display` int(1) NOT NULL DEFAULT '1' COMMENT '1æ˜¾ç¤ºåœ¨å·¦ä¾§èœå•2åªä½œä¸ºèŠ‚ç‚¹',
  `type` int(1) NOT NULL DEFAULT '1' COMMENT '1æƒé™èŠ‚ç‚¹2æ™®é€šèŠ‚ç‚¹',
  `pid` int(11) NOT NULL DEFAULT '0' COMMENT 'ä¸Šçº§èœå•0ä¸ºé¡¶çº§èœå•',
  `create_time` int(11) NOT NULL,
  `update_time` int(11) NOT NULL,
  `icon` varchar(100) DEFAULT NULL COMMENT 'å›¾æ ‡',
  `is_open` int(1) NOT NULL DEFAULT '0' COMMENT '0é»˜è®¤é—­åˆ1é»˜è®¤å±•å¼€',
  `orders` int(11) NOT NULL DEFAULT '0' COMMENT 'æ’åºå€¼ï¼Œè¶Šå°è¶Šé å‰',
  PRIMARY KEY (`id`),
  KEY `id` (`id`) USING BTREE,
  KEY `module` (`module`) USING BTREE,
  KEY `controller` (`controller`) USING BTREE,
  KEY `function` (`function`) USING BTREE,
  KEY `is_display` (`is_display`) USING BTREE,
  KEY `type` (`type`) USING BTREE
) ENGINE=MyISAM  DEFAULT CHARSET=utf8 COMMENT='ç³»ç»Ÿèœå•è¡¨' AUTO_INCREMENT=56 ;

--
-- è½¬å­˜è¡¨ä¸­çš„æ•°æ® `tplay_admin_menu`
--

INSERT INTO `tplay_admin_menu` (`id`, `name`, `module`, `controller`, `function`, `parameter`, `description`, `is_display`, `type`, `pid`, `create_time`, `update_time`, `icon`, `is_open`, `orders`) VALUES
(1, 'ç³»ç»Ÿ', '', '', '', '', 'ç³»ç»Ÿè®¾ç½®ã€‚', 1, 2, 0, 0, 1517015748, 'fa-cog', 1, 0),
(2, 'èœå•', '', '', '', '', 'èœå•ç®¡ç†ã€‚', 1, 2, 1, 0, 1517015764, 'fa-paw', 0, 0),
(51, 'ç³»ç»Ÿèœå•æ’åº', 'admin', 'menu', 'orders', '', 'ç³»ç»Ÿèœå•æ’åºã€‚', 2, 1, 3, 1517562047, 1517562047, '', 0, 0),
(3, 'ç³»ç»Ÿèœå•', 'admin', 'menu', 'index', NULL, 'ç³»ç»Ÿèœå•ç®¡ç†', 1, 2, 2, 0, 0, 'fa-share-alt', 0, 0),
(4, 'æ–°å¢/ä¿®æ”¹ç³»ç»Ÿèœå•', 'admin', 'menu', 'publish', '', 'æ–°å¢/ä¿®æ”¹ç³»ç»Ÿèœå•.', 2, 1, 3, 1516948769, 1516948769, '', 0, 0),
(5, 'åˆ é™¤ç³»ç»Ÿèœå•', 'admin', 'menu', 'delete', '', 'åˆ é™¤ç³»ç»Ÿèœå•ã€‚', 2, 1, 3, 1516948857, 1516948857, '', 0, 0),
(6, 'ä¸ªäºº', '', '', '', '', 'ä¸ªäººä¿¡æ¯ç®¡ç†ã€‚', 1, 1, 1, 1516949308, 1517021986, 'fa-user', 0, 0),
(7, 'ä¸ªäººä¿¡æ¯', 'admin', 'admin', 'personal', '', 'ä¸ªäººä¿¡æ¯ä¿®æ”¹ã€‚', 1, 1, 6, 1516949435, 1516949435, 'fa-user', 0, 0),
(8, 'ä¿®æ”¹å¯†ç ', 'admin', 'admin', 'editpassword', '', 'ç®¡ç†å‘˜ä¿®æ”¹ä¸ªäººå¯†ç ã€‚', 1, 1, 6, 1516949702, 1517619887, 'fa-unlock-alt', 0, 0),
(9, 'è®¾ç½®', '', '', '', '', 'ç³»ç»Ÿç›¸å…³è®¾ç½®ã€‚', 1, 2, 1, 1516949853, 1517015878, 'fa-cog', 0, 0),
(10, 'ç½‘ç«™è®¾ç½®', 'admin', 'webconfig', 'index', '', 'ç½‘ç«™ç›¸å…³è®¾ç½®é¦–é¡µã€‚', 1, 2, 9, 1516949994, 1516949994, 'fa-bullseye', 0, 0),
(11, 'ä¿®æ”¹ç½‘ç«™è®¾ç½®', 'admin', 'webconfig', 'publish', '', 'ä¿®æ”¹ç½‘ç«™è®¾ç½®ã€‚', 2, 1, 10, 1516950047, 1516950047, '', 0, 0),
(12, 'é‚®ä»¶è®¾ç½®', 'admin', 'emailconfig', 'index', '', 'é‚®ä»¶é…ç½®é¦–é¡µã€‚', 1, 2, 9, 1516950129, 1516950129, 'fa-envelope', 0, 0),
(13, 'ä¿®æ”¹é‚®ä»¶è®¾ç½®', 'admin', 'emailconfig', 'publish', '', 'ä¿®æ”¹é‚®ä»¶è®¾ç½®ã€‚', 2, 1, 12, 1516950215, 1516950215, '', 0, 0),
(14, 'å‘é€æµ‹è¯•é‚®ä»¶', 'admin', 'emailconfig', 'mailto', '', 'å‘é€æµ‹è¯•é‚®ä»¶ã€‚', 2, 1, 12, 1516950295, 1516950295, '', 0, 0),
(15, 'çŸ­ä¿¡è®¾ç½®', 'admin', 'smsconfig', 'index', '', 'çŸ­ä¿¡è®¾ç½®é¦–é¡µã€‚', 1, 2, 9, 1516950394, 1516950394, 'fa-comments', 0, 0),
(16, 'ä¿®æ”¹çŸ­ä¿¡è®¾ç½®', 'admin', 'smsconfig', 'publish', '', 'ä¿®æ”¹çŸ­ä¿¡è®¾ç½®ã€‚', 2, 1, 15, 1516950447, 1516950447, '', 0, 0),
(17, 'å‘é€æµ‹è¯•çŸ­ä¿¡', 'admin', 'smsconfig', 'smsto', '', 'å‘é€æµ‹è¯•çŸ­ä¿¡ã€‚', 2, 1, 15, 1516950483, 1516950483, '', 0, 0),
(18, 'URL è®¾ç½®', 'admin', 'urlsconfig', 'index', '', 'url è®¾ç½®ã€‚', 1, 2, 9, 1516950738, 1516950804, 'fa-code-fork', 0, 0),
(19, 'æ–°å¢/ä¿®æ”¹urlè®¾ç½®', 'admin', 'urlsconfig', 'publish', '', 'æ–°å¢/ä¿®æ”¹urlè®¾ç½®ã€‚', 2, 1, 18, 1516950850, 1516950850, '', 0, 0),
(20, 'å¯ç”¨/ç¦ç”¨urlç¾åŒ–', 'admin', 'urlsconfig', 'status', '', 'å¯ç”¨/ç¦ç”¨urlç¾åŒ–ã€‚', 2, 1, 18, 1516950909, 1516950909, '', 0, 0),
(21, ' åˆ é™¤urlç¾åŒ–è§„åˆ™', 'admin', 'urlsconfig', 'delete', '', ' åˆ é™¤urlç¾åŒ–è§„åˆ™ã€‚', 2, 1, 18, 1516950941, 1516950941, '', 0, 0),
(22, 'ä¼šå‘˜', '', '', '', '', 'ä¼šå‘˜ç®¡ç†ã€‚', 1, 2, 0, 1516950991, 1517015810, 'fa-users', 0, 0),
(23, 'ç®¡ç†å‘˜', '', '', '', '', 'ç³»ç»Ÿç®¡ç†å‘˜ç®¡ç†ã€‚', 1, 2, 22, 1516951071, 1517015819, 'fa-user', 0, 0),
(24, 'ç®¡ç†å‘˜', 'admin', 'admin', 'index', '', 'ç³»ç»Ÿç®¡ç†å‘˜åˆ—è¡¨ã€‚', 1, 2, 23, 1516951163, 1516951163, 'fa-user', 0, 0),
(25, 'æ–°å¢/ä¿®æ”¹ç®¡ç†å‘˜', 'admin', 'admin', 'publish', '', 'æ–°å¢/ä¿®æ”¹ç³»ç»Ÿç®¡ç†å‘˜ã€‚', 2, 1, 24, 1516951224, 1516951224, '', 0, 0),
(26, 'åˆ é™¤ç®¡ç†å‘˜', 'admin', 'admin', 'delete', '', 'åˆ é™¤ç®¡ç†å‘˜ã€‚', 2, 1, 24, 1516951253, 1516951253, '', 0, 0),
(27, 'æƒé™ç»„', 'admin', 'admin', 'admincate', '', 'æƒé™åˆ†ç»„ã€‚', 1, 2, 23, 1516951353, 1517018168, 'fa-dot-circle-o', 0, 0),
(28, 'æ–°å¢/ä¿®æ”¹æƒé™ç»„', 'admin', 'admin', 'admincatepublish', '', 'æ–°å¢/ä¿®æ”¹æƒé™ç»„ã€‚', 2, 1, 27, 1516951483, 1516951483, '', 0, 0),
(29, 'åˆ é™¤æƒé™ç»„', 'admin', 'admin', 'admincatedelete', '', 'åˆ é™¤æƒé™ç»„ã€‚', 2, 1, 27, 1516951515, 1516951515, '', 0, 0),
(30, 'æ“ä½œæ—¥å¿—', 'admin', 'admin', 'log', '', 'ç³»ç»Ÿç®¡ç†å‘˜æ“ä½œæ—¥å¿—ã€‚', 1, 2, 23, 1516951754, 1517018196, 'fa-pencil', 0, 0),
(31, 'å†…å®¹', '', '', '', '', 'å†…å®¹ç®¡ç†ã€‚', 1, 2, 0, 1516952262, 1517015835, 'fa-th-large', 0, 0),
(32, 'æ–‡ç« ', '', '', '', '', 'æ–‡ç« ç›¸å…³ç®¡ç†ã€‚', 1, 2, 31, 1516952698, 1517015846, 'fa-bookmark', 0, 0),
(33, 'åˆ†ç±»', 'admin', 'articlecate', 'index', '', 'æ–‡ç« åˆ†ç±»ç®¡ç†ã€‚', 1, 2, 32, 1516952856, 1516952856, 'fa-tag', 0, 0),
(34, 'æ–°å¢/ä¿®æ”¹æ–‡ç« åˆ†ç±»', 'admin', 'articlecate', 'publish', '', 'æ–°å¢/ä¿®æ”¹æ–‡ç« åˆ†ç±»ã€‚', 2, 1, 33, 1516952896, 1516952896, '', 0, 0),
(35, 'åˆ é™¤æ–‡ç« åˆ†ç±»', 'admin', 'articlecate', 'delete', '', 'åˆ é™¤æ–‡ç« åˆ†ç±»ã€‚', 2, 1, 33, 1516952942, 1516952942, '', 0, 0),
(36, 'æ–‡ç« ', 'admin', 'article', 'index', '', 'æ–‡ç« ç®¡ç†ã€‚', 1, 2, 32, 1516953011, 1516953028, 'fa-bookmark', 0, 0),
(37, 'æ–°å¢/ä¿®æ”¹æ–‡ç« ', 'admin', 'article', 'publish', '', 'æ–°å¢/ä¿®æ”¹æ–‡ç« ã€‚', 2, 1, 36, 1516953056, 1516953056, '', 0, 0),
(38, 'å®¡æ ¸/æ‹’ç»æ–‡ç« ', 'admin', 'article', 'status', '', 'å®¡æ ¸/æ‹’ç»æ–‡ç« ã€‚', 2, 1, 36, 1516953113, 1516953113, '', 0, 0),
(39, 'ç½®é¡¶/å–æ¶ˆç½®é¡¶æ–‡ç« ', 'admin', 'article', 'is_top', '', 'ç½®é¡¶/å–æ¶ˆç½®é¡¶æ–‡ç« ã€‚', 2, 1, 36, 1516953162, 1516953162, '', 0, 0),
(40, 'åˆ é™¤æ–‡ç« ', 'admin', 'article', 'delete', '', 'åˆ é™¤æ–‡ç« ã€‚', 2, 1, 36, 1516953183, 1516953183, '', 0, 0),
(41, 'é™„ä»¶', 'admin', 'attachment', 'index', '', 'é™„ä»¶ç®¡ç†ã€‚', 1, 2, 31, 1516953306, 1516953306, 'fa-cube', 0, 0),
(42, 'é™„ä»¶å®¡æ ¸', 'admin', 'attachment', 'audit', '', 'é™„ä»¶å®¡æ ¸ã€‚', 2, 1, 41, 1516953359, 1516953440, '', 0, 0),
(43, 'é™„ä»¶ä¸Šä¼ ', 'admin', 'attachment', 'upload', '', 'é™„ä»¶ä¸Šä¼ ã€‚', 2, 1, 41, 1516953392, 1516953392, '', 0, 0),
(44, 'é™„ä»¶ä¸‹è½½', 'admin', 'attachment', 'download', '', 'é™„ä»¶ä¸‹è½½ã€‚', 2, 1, 41, 1516953430, 1516953430, '', 0, 0),
(45, 'é™„ä»¶åˆ é™¤', 'admin', 'attachment', 'delete', '', 'é™„ä»¶åˆ é™¤ã€‚', 2, 1, 41, 1516953477, 1516953477, '', 0, 0),
(46, 'ç•™è¨€', 'admin', 'tomessages', 'index', '', 'ç•™è¨€ç®¡ç†ã€‚', 1, 2, 31, 1516953526, 1516953526, 'fa-comments', 0, 0),
(47, 'ç•™è¨€å¤„ç†', 'admin', 'tomessages', 'mark', '', 'ç•™è¨€å¤„ç†ã€‚', 2, 1, 46, 1516953605, 1516953605, '', 0, 0),
(48, 'ç•™è¨€åˆ é™¤', 'admin', 'tomessages', 'delete', '', 'ç•™è¨€åˆ é™¤ã€‚', 2, 1, 46, 1516953648, 1516953648, '', 0, 0),
(49, 'å›¾ç‰‡ä¸Šä¼ ', 'admin', 'common', 'upload', '', 'å›¾ç‰‡ä¸Šä¼ ã€‚', 2, 2, 0, 1516954491, 1516954491, '', 0, 0),
(50, 'ç®¡ç†å‘˜ç™»å½•', 'admin', 'common', 'login', '', 'ç®¡ç†å‘˜ç™»å½•ã€‚', 2, 2, 0, 1516954517, 1516954517, '', 0, 0),
(52, 'æ•°æ®åˆ†æ', '', '', '', '', 'æ•°æ®åˆ†æç®¡ç†ã€‚', 1, 2, 31, 1560493222, 1560493284, 'fa-area-chart ', 0, 0),
(53, 'æ–‡ç« æ•°æ®', '', '', '', '', 'æ–‡ç« æ•°æ®åˆ†æ', 1, 2, 52, 1560494809, 1560494809, 'fa-file-text', 0, 0),
(54, 'æŠ¥åæ•°æ®', '', '', '', '', 'æŠ¥åæ•°æ®åˆ†æ', 1, 2, 52, 1560494901, 1560495065, 'fa-address-book ', 0, 0),
(55, 'æŠ¥ååˆ—è¡¨', 'admin', 'register', 'index', '', 'æŠ¥ååˆ—è¡¨', 1, 2, 31, 1560495379, 1560761901, 'fa-cubes ', 0, 0);

-- --------------------------------------------------------

--
-- è¡¨çš„ç»“æ„ `tplay_article`
--

CREATE TABLE IF NOT EXISTS `tplay_article` (
  `id` int(11) NOT NULL AUTO_INCREMENT,
  `title` varchar(255) NOT NULL,
  `tag` varchar(255) DEFAULT NULL,
  `description` varchar(255) DEFAULT NULL,
  `article_cate_id` int(11) NOT NULL,
  `thumb` int(11) DEFAULT NULL,
  `content` text,
  `admin_id` int(11) NOT NULL,
  `create_time` int(11) NOT NULL,
  `update_time` int(11) NOT NULL,
  `edit_admin_id` int(11) NOT NULL COMMENT 'æœ€åä¿®æ”¹äºº',
  `status` int(1) NOT NULL DEFAULT '0' COMMENT '0å¾…å®¡æ ¸1å·²å®¡æ ¸',
  `is_top` int(1) NOT NULL DEFAULT '0' COMMENT '1ç½®é¡¶0æ™®é€š',
  PRIMARY KEY (`id`),
  KEY `id` (`id`) USING BTREE,
  KEY `status` (`status`) USING BTREE,
  KEY `is_top` (`is_top`) USING BTREE,
  KEY `article_cate_id` (`article_cate_id`) USING BTREE,
  KEY `admin_id` (`admin_id`) USING BTREE,
  KEY `create_time` (`create_time`) USING BTREE
) ENGINE=MyISAM DEFAULT CHARSET=utf8 AUTO_INCREMENT=1 ;

-- --------------------------------------------------------

--
-- è¡¨çš„ç»“æ„ `tplay_article_cate`
--

CREATE TABLE IF NOT EXISTS `tplay_article_cate` (
  `id` int(11) NOT NULL AUTO_INCREMENT,
  `name` varchar(100) NOT NULL,
  `tag` varchar(250) DEFAULT NULL COMMENT 'å…³é”®è¯',
  `description` varchar(250) DEFAULT NULL,
  `create_time` int(11) NOT NULL,
  `update_time` int(11) NOT NULL,
  `pid` int(11) NOT NULL DEFAULT '0',
  PRIMARY KEY (`id`),
  KEY `id` (`id`) USING BTREE
) ENGINE=MyISAM DEFAULT CHARSET=utf8 AUTO_INCREMENT=1 ;

-- --------------------------------------------------------

--
-- è¡¨çš„ç»“æ„ `tplay_attachment`
--

CREATE TABLE IF NOT EXISTS `tplay_attachment` (
  `id` int(10) unsigned NOT NULL AUTO_INCREMENT,
  `module` char(15) NOT NULL DEFAULT '' COMMENT 'æ‰€å±æ¨¡å—',
  `filename` char(50) NOT NULL DEFAULT '' COMMENT 'æ–‡ä»¶å',
  `filepath` char(200) NOT NULL DEFAULT '' COMMENT 'æ–‡ä»¶è·¯å¾„+æ–‡ä»¶å',
  `filesize` int(10) unsigned NOT NULL DEFAULT '0' COMMENT 'æ–‡ä»¶å¤§å°',
  `fileext` char(10) NOT NULL DEFAULT '' COMMENT 'æ–‡ä»¶åç¼€',
  `user_id` int(11) unsigned NOT NULL DEFAULT '0' COMMENT 'ä¼šå‘˜ID',
  `uploadip` char(15) NOT NULL DEFAULT '' COMMENT 'ä¸Šä¼ IP',
  `status` tinyint(1) NOT NULL DEFAULT '0' COMMENT '0æœªå®¡æ ¸1å·²å®¡æ ¸-1ä¸é€šè¿‡',
  `create_time` int(11) unsigned NOT NULL DEFAULT '0',
  `admin_id` int(11) NOT NULL COMMENT 'å®¡æ ¸è€…id',
  `audit_time` int(11) NOT NULL COMMENT 'å®¡æ ¸æ—¶é—´',
  `use` varchar(200) DEFAULT NULL COMMENT 'ç”¨å¤„',
  `download` int(11) NOT NULL DEFAULT '0' COMMENT 'ä¸‹è½½é‡',
  PRIMARY KEY (`id`),
  KEY `id` (`id`) USING BTREE,
  KEY `status` (`status`) USING BTREE,
  KEY `filename` (`filename`) USING BTREE,
  KEY `create_time` (`create_time`) USING BTREE
) ENGINE=InnoDB  DEFAULT CHARSET=utf8 ROW_FORMAT=DYNAMIC COMMENT='é™„ä»¶è¡¨' AUTO_INCREMENT=10 ;

--
-- è½¬å­˜è¡¨ä¸­çš„æ•°æ® `tplay_attachment`
--

INSERT INTO `tplay_attachment` (`id`, `module`, `filename`, `filepath`, `filesize`, `fileext`, `user_id`, `uploadip`, `status`, `create_time`, `admin_id`, `audit_time`, `use`, `download`) VALUES
(1, 'admin', '79811855a6c06de53047471c4ff82a36.jpg', '\\uploads\\admin\\admin_thumb\\20180104\\79811855a6c06de53047471c4ff82a36.jpg', 13781, 'jpg', 1, '127.0.0.1', 1, 1515046060, 1, 1515046060, 'admin_thumb', 0),
(2, 'admin', 'c1313819fd18690f364394b26d0c35e2.png', '\\uploads\\admin\\admin_thumb\\20190614\\c1313819fd18690f364394b26d0c35e2.png', 9704, 'png', 1, '127.0.0.1', 1, 1560492578, 1, 1560492578, 'admin_thumb', 0),
(3, 'admin', '97b9af50166460d110fb7faa2eec0513.png', '\\uploads\\admin\\article_thumb\\20190614\\97b9af50166460d110fb7faa2eec0513.png', 9704, 'png', 1, '127.0.0.1', 1, 1560492809, 1, 1560492809, 'article_thumb', 0),
(4, 'admin', 'b241afc39addb75261efcba1a0d971ae.jpg', '\\uploads\\admin\\admin_thumb\\20190614\\b241afc39addb75261efcba1a0d971ae.jpg', 43008, 'jpg', 1, '127.0.0.1', 1, 1560493926, 1, 1560493926, 'admin_thumb', 0),
(5, 'admin', '29363d0894f7f5b10b1fb45acef19ee6.jpg', '\\uploads\\admin\\admin_thumb\\20190614\\29363d0894f7f5b10b1fb45acef19ee6.jpg', 13280, 'jpg', 1, '127.0.0.1', 1, 1560493938, 1, 1560493938, 'admin_thumb', 0),
(6, 'admin', 'b6fa434c649fc18975547dc2db5a25f4.jpg', '\\uploads\\admin\\article_thumb\\20190614\\b6fa434c649fc18975547dc2db5a25f4.jpg', 349100, 'jpg', 16, '127.0.0.1', 1, 1560494207, 16, 1560494207, 'article_thumb', 0),
(7, 'admin', 'db42e32a847da7db13065231d88665b5.gif', '\\uploads\\admin\\article_thumb\\20190614\\db42e32a847da7db13065231d88665b5.gif', 22182, 'gif', 16, '127.0.0.1', 1, 1560494213, 0, 1560767939, 'article_thumb', 0),
(8, 'admin', '287208de4388609d34b448490d07c0f6.jpg', '\\uploads\\admin\\admin_thumb\\20190618\\287208de4388609d34b448490d07c0f6.jpg', 213341, 'jpg', 1, '127.0.0.1', 1, 1560827102, 1, 1560827102, 'admin_thumb', 0),
(9, 'admin', 'f4bf1d56a2b122137029b5712dd4d209.jpg', '\\uploads\\admin\\admin_thumb\\20190618\\f4bf1d56a2b122137029b5712dd4d209.jpg', 299148, 'jpg', 1, '127.0.0.1', 1, 1560827120, 1, 1560827120, 'admin_thumb', 0);

-- --------------------------------------------------------

--
-- è¡¨çš„ç»“æ„ `tplay_emailconfig`
--

CREATE TABLE IF NOT EXISTS `tplay_emailconfig` (
  `email` varchar(5) NOT NULL COMMENT 'é‚®ç®±é…ç½®æ ‡è¯†',
  `from_email` varchar(50) NOT NULL COMMENT 'é‚®ä»¶æ¥æºä¹Ÿå°±æ˜¯é‚®ä»¶åœ°å€',
  `from_name` varchar(50) NOT NULL,
  `smtp` varchar(50) NOT NULL COMMENT 'é‚®ç®±smtpæœåŠ¡å™¨',
  `username` varchar(100) NOT NULL COMMENT 'é‚®ç®±è´¦å·',
  `password` varchar(100) NOT NULL COMMENT 'é‚®ç®±å¯†ç ',
  `title` varchar(200) NOT NULL COMMENT 'é‚®ä»¶æ ‡é¢˜',
  `content` text NOT NULL COMMENT 'é‚®ä»¶æ¨¡æ¿',
  KEY `email` (`email`) USING BTREE
) ENGINE=MyISAM DEFAULT CHARSET=utf8;

--
-- è½¬å­˜è¡¨ä¸­çš„æ•°æ® `tplay_emailconfig`
--

INSERT INTO `tplay_emailconfig` (`email`, `from_email`, `from_name`, `smtp`, `username`, `password`, `title`, `content`) VALUES
('email', '', '', '', '', '', '', '');

-- --------------------------------------------------------

--
-- è¡¨çš„ç»“æ„ `tplay_messages`
--

CREATE TABLE IF NOT EXISTS `tplay_messages` (
  `id` int(11) NOT NULL AUTO_INCREMENT,
  `create_time` int(11) NOT NULL,
  `ip` varchar(50) NOT NULL,
  `is_look` int(1) NOT NULL DEFAULT '0' COMMENT '0æœªè¯»1å·²è¯»',
  `message` text NOT NULL,
  `update_time` int(11) NOT NULL,
  PRIMARY KEY (`id`),
  KEY `id` (`id`) USING BTREE,
  KEY `is_look` (`is_look`) USING BTREE,
  KEY `create_time` (`create_time`) USING BTREE
) ENGINE=MyISAM DEFAULT CHARSET=utf8 AUTO_INCREMENT=1 ;

-- --------------------------------------------------------

--
-- è¡¨çš„ç»“æ„ `tplay_question`
--

CREATE TABLE IF NOT EXISTS `tplay_question` (
  `id` int(11) NOT NULL AUTO_INCREMENT COMMENT 'æµæ°´id',
  `question_title` varchar(100) NOT NULL COMMENT 'é—®å·è°ƒæŸ¥title',
  `question_desc` varchar(255) DEFAULT NULL COMMENT 'é—®å·è°ƒæŸ¥æè¿°',
  `question_config` text NOT NULL COMMENT 'é—®å·è°ƒæŸ¥é…ç½®ä¿¡æ¯',
  `question_lastdesc` varchar(200) NOT NULL COMMENT 'è¡¨å•æœ«å°¾æ’å…¥æ–‡æœ¬å†…å®¹',
  `create_time` datetime NOT NULL COMMENT 'åˆ›å»ºæ—¶é—´',
  `update_time` datetime NOT NULL COMMENT 'æ›´æ–°æ—¶é—´',
  `user_id` int(11) DEFAULT NULL COMMENT 'ç¼–è¾‘ä¿¡æ¯ç”¨æˆ·id',
  `ip` varchar(50) NOT NULL COMMENT 'æ“ä½œip',
  `jump_type` int(11) NOT NULL COMMENT 'æäº¤åè·³è½¬æ–¹å¼ï¼ˆ1ï¼šæ˜¾ç¤ºæ–‡å­—å†…å®¹ï¼›2ï¼šè·³è½¬é“¾æ¥ï¼‰',
  `jump_text` varchar(200) DEFAULT NULL COMMENT 'æäº¤è·³è½¬æ˜¾ç¤ºæ–‡å­—',
  `jump_href` varchar(200) DEFAULT NULL COMMENT 'æäº¤è·³è½¬é“¾æ¥',
  PRIMARY KEY (`id`)
) ENGINE=MyISAM  DEFAULT CHARSET=utf8 AUTO_INCREMENT=6 ;

--
-- è½¬å­˜è¡¨ä¸­çš„æ•°æ® `tplay_question`
--

INSERT INTO `tplay_question` (`id`, `question_title`, `question_desc`, `question_config`, `question_lastdesc`, `create_time`, `update_time`, `user_id`, `ip`, `jump_type`, `jump_text`, `jump_href`) VALUES
(1, 'ACCAå­¦å‰è¯„ä¼°', 'ACCAå­¦å‰è¯„ä¼°é¡¾é—®é€šè¿‡ä½ çš„é—®å·é€‰æ‹©è¿›è¡Œè¯„ä¼°ï¼Œè¯„ä¼°å†…å®¹åŒ…æ‹¬ï¼šè‹±è¯­æ°´å¹³æ˜¯å¦é€‚åˆå­¦ä¹ ACCAã€æœªæ¥ACCAå­¦ä¹ è¿›åº¦æƒ…å†µã€ACCAç»™ä½ å¸¦æ¥çš„å½±å“ï¼Œå¹¶æä¾›é€‚å½“å»ºè®®ã€‚', '', '', '2019-06-18 11:00:18', '2019-06-18 16:59:06', 16, '127.0.0.1', 1, 'æ‚¨çš„ç­”å·å·²ç»æäº¤ï¼Œæ„Ÿè°¢æ‚¨çš„å‚ä¸ï¼', ''),
(2, ' ACCAå­¦ä¹ èµ„æ–™é¢†å–', 'æ¸©é¦¨æç¤ºï¼šæ‚¨æäº¤ä¿¡æ¯ä¹‹åï¼Œå°†è‡ªåŠ¨è·³è½¬é¡µé¢è·å–ç™¾åº¦äº‘ç›˜é“¾æ¥ï¼Œè‡ªè¡Œä¸‹è½½å³å¯ã€‚\r\n\r\n*éšç§ç”³æ˜ï¼šä¸ªäººä¿¡æ¯ä»…ç”¨äºæœ¬æµ‹è¯•ï¼Œæˆ‘ä»¬åœ¨æœªå¾å¾—æ‚¨äº‹å…ˆåŒæ„çš„æƒ…å†µä¸‹ï¼Œä¸ä¼šå‘ç¬¬ä¸‰æ–¹æä¾›æˆ–æ³„éœ²æ‚¨çš„ä»»ä½•ä¸ªäººä¿¡æ¯ã€‚', '', '', '2019-06-18 11:10:33', '2019-06-18 11:10:33', 1, '127.0.0.1', 0, 'æ‚¨çš„ç­”å·å·²ç»æäº¤ï¼Œæ„Ÿè°¢æ‚¨çš„å‚ä¸ï¼\r\né“¾æ¥: https://pan.baidu.com/s/1z1kuXta5cts7ZmC51UrxnA    æå–ç : m3af', ''),
(3, 'ç®¡ç†ä¼šè®¡å¸ˆCMAæŠ¥è€ƒæ¡ä»¶å¿«é€Ÿæµ‹è¯•é€šé“', 'ç¾å›½æ³¨å†Œç®¡ç†ä¼šè®¡å¸ˆç®€ç§°"CMA"ï¼Œå®ƒæ˜¯ç›®å‰å…¨çƒç®¡ç†ä¼šè®¡åŠè´¢åŠ¡ç®¡ç†é¢†åŸŸæœ€æƒå¨çš„èµ„æ ¼è®¤è¯ã€‚åœ¨å…¨çƒ120ä¸ªå›½å®¶ã€200å®¶åœ°æ–¹åˆ†ä¼šä¸­æ‹¥æœ‰è¶…è¿‡68,000åä¼šå‘˜ï¼Œåœ¨ä¸­å›½çš„ä¼šå‘˜æ•°è¶…è¿‡10000åã€‚æ‹¥æœ‰CMAï¼Œä¸ä»…ä»£è¡¨å…¶å…·å¤‡å®Œæ•´ä¼šè®¡åŠè´¢åŠ¡ç›¸å…³é¢†åŸŸçŸ¥è¯†ï¼Œä¹Ÿè¡¨æ˜äº†å…·å¤‡é«˜åº¦ä¸“ä¸šèƒ½åŠ›æ¥åˆ†æä¼ä¸šå†…éƒ¨ç»è¥çŠ¶å†µã€ååŠ©ç®¡ç†å½“å±€ã€å‚ä¸é›†å›¢è´¢åŠ¡ç®¡ç†ã€æ‹Ÿå®šæœªæ¥ç­–ç•¥ã€æ‰§è¡Œæµç¨‹ä¼˜åŒ–å·¥ä½œç­‰ã€‚', '', 'æ¸©é¦¨æç¤ºï¼šæ‚¨æäº¤ä¿¡æ¯ä¹‹åï¼Œè®¤è¯éƒ¨è€å¸ˆå°†ä¼šåœ¨1ä¸ªå·¥ä½œæ—¥å†…å°†ç»“æœå‘é€ç»™æ‚¨ï¼Œä¸ºç¡®ä¿ç»“æœå‡†ç¡®ï¼Œè¯·å¦‚å®å¡«å†™ã€‚\r\n\r\n*éšç§ç”³æ˜ï¼šä¸ªäººä¿¡æ¯ä»…ç”¨äºæœ¬æµ‹è¯•ï¼Œæˆ‘ä»¬åœ¨æœªå¾å¾—æ‚¨äº‹å…ˆåŒæ„çš„æƒ…å†µä¸‹ï¼Œä¸ä¼šå‘ç¬¬ä¸‰æ–¹æä¾›æˆ–æ³„éœ²æ‚¨çš„ä»»ä½•ä¸ªäººä¿¡æ¯ã€‚', '2019-06-18 11:25:56', '2019-06-18 11:25:56', 1, '127.0.0.1', 0, 'æ‚¨çš„ç­”å·å·²ç»æäº¤ï¼Œæ„Ÿè°¢æ‚¨çš„å‚ä¸ï¼', '');

-- --------------------------------------------------------

--
-- è¡¨çš„ç»“æ„ `tplay_question_answer`
--

CREATE TABLE IF NOT EXISTS `tplay_question_answer` (
  `id` int(11) NOT NULL AUTO_INCREMENT COMMENT 'æµæ°´id',
  `question_id` varchar(255) NOT NULL COMMENT 'é—®å·é…ç½®id',
  `answer_datas` text NOT NULL COMMENT 'é—®å·å›ç­”å†…å®¹ json å­—ä¸²',
  `source` varchar(30) NOT NULL COMMENT 'ä¿¡æ¯æ”¶é›†æ¥æº',
  `create_time` datetime NOT NULL COMMENT 'æäº¤æ—¶é—´',
  `total_time` int(11) NOT NULL COMMENT 'æ¶ˆè€—æ—¶é•¿',
  `ip` varchar(50) NOT NULL COMMENT 'æŠ¥åip',
  PRIMARY KEY (`id`)
) ENGINE=MyISAM  DEFAULT CHARSET=utf8 AUTO_INCREMENT=19 ;

--
-- è½¬å­˜è¡¨ä¸­çš„æ•°æ® `tplay_question_answer`
--

INSERT INTO `tplay_question_answer` (`id`, `question_id`, `answer_datas`, `source`, `create_time`, `total_time`, `ip`) VALUES
(1, 'question_02', '{"question_name_01":"\\u5f20\\u4e09san","question_name_02":"17610900163","question_name_03":"2929006594@qq.com","question_name_04":"fs15535256683"}', 'question_02', '2019-06-17 16:18:22', 60, '127.0.0.1'),
(2, 'question_01', '{"question_name_01":"1","question_name_02":"2","question_name_03":"\\u5f20\\u4e09","question_name_04":"15803486478","question_name_05":"2929006594@qq.com"}', 'question_01', '2019-06-17 16:18:31', 60, '124.126.1.197'),
(3, 'question_01', '{"question_name_01":"2","question_name_02":"2","question_name_03":"\\u674e\\u56db","question_name_04":"15803486478","question_name_05":"2929006594@qq.com"}', 'question_01', '2019-06-17 16:18:49', 60, '127.0.0.1'),
(4, 'question_01', '{"question_name_01":"2","question_name_02":"2","question_name_03":"\\u738b\\u4e94","question_name_04":"15803486478","question_name_05":"2929006594@qq.com"}', 'question_01', '2019-06-17 16:18:54', 60, '127.0.0.1'),
(5, 'question_02', '{"question_name_01":"\\u674e\\u56dbsi","question_name_02":"17610900163","question_name_03":"2929006594@qq.com","question_name_04":"fs15535256683"}', 'question_02', '2019-06-17 16:19:03', 60, '127.0.0.1'),
(6, 'question_02', '{"question_name_01":"\\u738b\\u4e94wu","question_name_02":"17610900163","question_name_03":"2929006594@qq.com","question_name_04":"fs15535256683"}', 'question_02', '2019-06-17 16:19:11', 60, '127.0.0.1'),
(7, 'question_01', '{"question_name_01":"2","question_name_02":"2","question_name_03":"\\u5218\\u516d","question_name_04":"15803486478","question_name_05":"2929006594@qq.com"}', 'question_01', '2019-06-17 16:19:25', 60, '127.0.0.1'),
(8, 'question_02', '{"question_name_01":"\\u5218\\u516dliu","question_name_02":"17610900163","question_name_03":"2929006594@qq.com","question_name_04":"fs15535256683"}', 'question_02', '2019-06-17 16:19:34', 60, '127.0.0.1'),
(9, 'question_03', '{"question_name_01":"\\u5f20\\u4e09CMA","question_name_02":"2","question_name_03":"2","question_name_04":"fs15535256683","question_name_05":"17610900163","question_name_06":"2929006594@qq.com"}', 'question_02', '2019-06-17 16:28:32', 80, '127.0.0.1'),
(10, 'question_03', '{"question_name_01":"\\u674e\\u56dbCMA","question_name_02":"3","question_name_03":"2","question_name_04":"fs15535256683","question_name_05":"17610900163","question_name_06":"2929006594@qq.com"}', 'question_02', '2019-06-17 16:28:47', 80, '127.0.0.1'),
(11, 'question_03', '{"question_name_01":"\\u738b\\u4e94CMA","question_name_02":"3","question_name_03":"3","question_name_04":"fs15535256683","question_name_05":"17610900163","question_name_06":"2929006594@qq.com"}', 'question_02', '2019-06-17 16:29:01', 80, '127.0.0.1'),
(12, 'question_03', '{"question_name_01":"\\u5218\\u516dCMA","question_name_02":"3","question_name_03":"3","question_name_04":"fs15535256683","question_name_05":"17610900163","question_name_06":"2929006594@qq.com"}', 'question_02', '2019-06-17 16:40:05', 80, '127.0.0.1'),
(13, 'question_03', '{"question_name_01":"\\u7530\\u4e03CMA","question_name_02":"2","question_name_03":"3","question_name_04":"fs15535256683","question_name_05":"17610900163","question_name_06":"2929006594@qq.com"}', 'question_02', '2019-06-17 16:40:19', 80, '127.0.0.1'),
(14, 'question_03', '{"question_name_01":"\\u516b\\u65d7CMA","question_name_02":"2","question_name_03":"3","question_name_04":"fs15535256683","question_name_05":"17610900163","question_name_06":"2929006594@qq.com"}', 'question_02', '2019-06-17 16:40:32', 80, '127.0.0.1'),
(15, 'question_02', '{"question_name_01":"\\u7530\\u4e03liu","question_name_02":"17610900163","question_name_03":"2929006594@qq.com","question_name_04":"fs15535256683"}', 'question_02', '2019-06-17 16:40:40', 40, '127.0.0.1'),
(16, 'question_02', '{"question_name_01":"\\u516b\\u65d7liu","question_name_02":"17610900163","question_name_03":"2929006594@qq.com","question_name_04":"fs15535256683"}', 'question_02', '2019-06-17 16:40:47', 40, '127.0.0.1'),
(17, 'question_01', '{"question_name_01":"2","question_name_02":"2","question_name_03":"\\u7530\\u4e03","question_name_04":"15803486478","question_name_05":"2929006594@qq.com"}', 'question_01', '2019-06-17 16:40:57', 60, '127.0.0.1'),
(18, 'question_01', '{"question_name_01":"2","question_name_02":"2","question_name_03":"\\u516b\\u65d7","question_name_04":"15803486478","question_name_05":"2929006594@qq.com"}', 'question_01', '2019-06-17 16:41:02', 60, '127.0.0.1');

-- --------------------------------------------------------

--
-- è¡¨çš„ç»“æ„ `tplay_smsconfig`
--

CREATE TABLE IF NOT EXISTS `tplay_smsconfig` (
  `sms` varchar(10) NOT NULL DEFAULT 'sms' COMMENT 'æ ‡è¯†',
  `appkey` varchar(200) NOT NULL,
  `secretkey` varchar(200) NOT NULL,
  `type` varchar(100) DEFAULT 'normal' COMMENT 'çŸ­ä¿¡ç±»å‹',
  `name` varchar(100) NOT NULL COMMENT 'çŸ­ä¿¡ç­¾å',
  `code` varchar(100) NOT NULL COMMENT 'çŸ­ä¿¡æ¨¡æ¿ID',
  `content` text NOT NULL COMMENT 'çŸ­ä¿¡é»˜è®¤æ¨¡æ¿',
  KEY `sms` (`sms`) USING BTREE
) ENGINE=MyISAM DEFAULT CHARSET=utf8;

--
-- è½¬å­˜è¡¨ä¸­çš„æ•°æ® `tplay_smsconfig`
--

INSERT INTO `tplay_smsconfig` (`sms`, `appkey`, `secretkey`, `type`, `name`, `code`, `content`) VALUES
('sms', '', '', '', '', '', '');

-- --------------------------------------------------------

--
-- è¡¨çš„ç»“æ„ `tplay_urlconfig`
--

CREATE TABLE IF NOT EXISTS `tplay_urlconfig` (
  `id` int(11) NOT NULL AUTO_INCREMENT,
  `aliases` varchar(200) NOT NULL COMMENT 'æƒ³è¦è®¾ç½®çš„åˆ«å',
  `url` varchar(200) NOT NULL COMMENT 'åŸurlç»“æ„',
  `desc` text COMMENT 'å¤‡æ³¨',
  `status` int(1) NOT NULL DEFAULT '1' COMMENT '0ç¦ç”¨1ä½¿ç”¨',
  `create_time` int(11) NOT NULL,
  `update_time` int(11) NOT NULL,
  PRIMARY KEY (`id`),
  KEY `id` (`id`) USING BTREE,
  KEY `status` (`status`) USING BTREE
) ENGINE=MyISAM  DEFAULT CHARSET=utf8 AUTO_INCREMENT=2 ;

--
-- è½¬å­˜è¡¨ä¸­çš„æ•°æ® `tplay_urlconfig`
--

INSERT INTO `tplay_urlconfig` (`id`, `aliases`, `url`, `desc`, `status`, `create_time`, `update_time`) VALUES
(1, 'admin_login', 'admin/common/login', 'åå°ç™»å½•åœ°å€ã€‚', 0, 1517621629, 1517621629);

-- --------------------------------------------------------

--
-- è¡¨çš„ç»“æ„ `tplay_webconfig`
--

CREATE TABLE IF NOT EXISTS `tplay_webconfig` (
  `web` varchar(20) NOT NULL COMMENT 'ç½‘ç«™é…ç½®æ ‡è¯†',
  `name` varchar(200) NOT NULL COMMENT 'ç½‘ç«™åç§°',
  `keywords` text COMMENT 'å…³é”®è¯',
  `desc` text COMMENT 'æè¿°',
  `is_log` int(1) NOT NULL DEFAULT '1' COMMENT '1å¼€å¯æ—¥å¿—0å…³é—­',
  `file_type` varchar(200) DEFAULT NULL COMMENT 'å…è®¸ä¸Šä¼ çš„ç±»å‹',
  `file_size` bigint(20) DEFAULT NULL COMMENT 'å…è®¸ä¸Šä¼ çš„æœ€å¤§å€¼',
  `statistics` text COMMENT 'ç»Ÿè®¡ä»£ç ',
  `black_ip` text COMMENT 'ipé»‘åå•',
  `url_suffix` varchar(20) DEFAULT NULL COMMENT 'urlä¼ªé™æ€åç¼€',
  KEY `web` (`web`) USING BTREE
) ENGINE=MyISAM DEFAULT CHARSET=utf8;

--
-- è½¬å­˜è¡¨ä¸­çš„æ•°æ® `tplay_webconfig`
--

INSERT INTO `tplay_webconfig` (`web`, `name`, `keywords`, `desc`, `is_log`, `file_type`, `file_size`, `statistics`, `black_ip`, `url_suffix`) VALUES
('web', 'Tplayåå°ç®¡ç†æ¡†æ¶', 'Tplay,åå°ç®¡ç†,thinkphp5,layui', 'Tplayæ˜¯ä¸€æ¬¾åŸºäºThinkPHP5.0.12 + layui2.2.45 + ECharts + Mysqlå¼€å‘çš„åå°ç®¡ç†æ¡†æ¶ï¼Œé›†æˆäº†ä¸€èˆ¬åº”ç”¨æ‰€å¿…é¡»çš„åŸºç¡€æ€§åŠŸèƒ½ï¼Œä¸ºå¼€å‘è€…èŠ‚çœå¤§é‡çš„æ—¶é—´ã€‚', 1, 'jpg,png,gif,mp4,zip,jpeg', 500, '', '', NULL);

-- --------------------------------------------------------

--
-- è¡¨çš„ç»“æ„ `tplay_wx_access_token`
--

CREATE TABLE IF NOT EXISTS `tplay_wx_access_token` (
  `id` int(11) NOT NULL AUTO_INCREMENT,
  `access_token` varchar(255) NOT NULL COMMENT 'access_token',
  `refresh_token` varchar(255) NOT NULL COMMENT 'åˆ·æ–°è·å–access_token',
  `ticket` varchar(255) NOT NULL COMMENT 'jssdk_ticket',
  `create_time` datetime NOT NULL COMMENT 'åˆ›å»ºæ—¶é—´',
  `cut_time` datetime NOT NULL COMMENT 'åˆ°æœŸæ—¶é—´',
  `status` int(11) NOT NULL COMMENT 'access_token çŠ¶æ€ï¼ˆ1ï¼šæ™®é€štokenï¼›2ï¼šæˆæƒtokenï¼›3ï¼šjs_tokenï¼‰',
  `openid` varchar(100) NOT NULL COMMENT 'ç”¨æˆ·openid',
  PRIMARY KEY (`id`)
) ENGINE=MyISAM  DEFAULT CHARSET=utf8 AUTO_INCREMENT=155 ;

--
-- è½¬å­˜è¡¨ä¸­çš„æ•°æ® `tplay_wx_access_token`
--

INSERT INTO `tplay_wx_access_token` (`id`, `access_token`, `refresh_token`, `ticket`, `create_time`, `cut_time`, `status`, `openid`) VALUES
(154, '22_dNdvzayOS2czsAhswYi26JYFOIEXqRzRLiICFThRUEIKIYs8SZSzgPR2bzk_2YwIeSKXfcJeSnVA8f0zUGSLnF4PD7w63mIETnwYfckhTi7VaIXv-CdchlGc_wMBQWeABATIO', '', '', '2019-06-14 17:07:03', '2019-06-14 19:07:03', 4, '');

/*!40101 SET CHARACTER_SET_CLIENT=@OLD_CHARACTER_SET_CLIENT */;
/*!40101 SET CHARACTER_SET_RESULTS=@OLD_CHARACTER_SET_RESULTS */;
/*!40101 SET COLLATION_CONNECTION=@OLD_COLLATION_CONNECTION */;
